Date,Open*,High,Low,Close**,Volume,Market Cap
31-Dec-20,$737.71 ,$749.20 ,$719.79 ,$730.37 ,"$13,652,004,358 ","$83,318,539,689 "
30-Dec-20,$751.63 ,$754.30 ,$726.51 ,$737.80 ,"$13,926,846,861 ","$84,156,810,765 "
29-Dec-20,$731.47 ,$754.30 ,$720.99 ,$751.62 ,"$17,294,574,210 ","$85,722,581,849 "
28-Dec-20,$730.36 ,$737.95 ,$692.15 ,$731.52 ,"$18,710,683,199 ","$83,420,334,909 "
27-Dec-20,$683.21 ,$745.88 ,$683.21 ,$730.40 ,"$24,222,565,862 ","$83,282,601,745 "
26-Dec-20,$635.89 ,$711.39 ,$628.33 ,$682.64 ,"$26,093,552,821 ","$77,828,069,141 "
25-Dec-20,$626.50 ,$650.72 ,$617.40 ,$635.84 ,"$14,761,125,202 ","$72,483,025,275 "
24-Dec-20,$611.55 ,$633.06 ,$605.42 ,$626.41 ,"$13,520,927,700 ","$71,400,061,460 "
23-Dec-20,$584.14 ,$613.82 ,$568.60 ,$611.61 ,"$14,317,413,703 ","$69,704,465,560 "
22-Dec-20,$634.82 ,$637.12 ,$560.36 ,$583.71 ,"$15,261,413,038 ","$66,517,758,494 "
21-Dec-20,$609.42 ,$635.08 ,$589.55 ,$634.85 ,"$14,745,890,080 ","$72,336,758,960 "
20-Dec-20,$638.32 ,$646.85 ,$600.84 ,$609.82 ,"$14,419,493,621 ","$69,475,834,115 "
19-Dec-20,$659.19 ,$659.92 ,$625.01 ,$638.29 ,"$13,375,855,442 ","$72,711,065,645 "
18-Dec-20,$654.62 ,$668.77 ,$646.62 ,$659.30 ,"$12,830,893,778 ","$75,095,087,629 "
17-Dec-20,$642.92 ,$662.70 ,$632.36 ,$654.81 ,"$15,756,303,983 ","$74,575,304,995 "
16-Dec-20,$636.15 ,$673.83 ,$628.75 ,$642.87 ,"$25,479,532,147 ","$73,206,412,681 "
15-Dec-20,$589.38 ,$636.64 ,$582.04 ,$636.18 ,"$15,817,248,373 ","$72,436,347,872 "
14-Dec-20,$586.02 ,$596.25 ,$580.63 ,$589.36 ,"$9,326,645,840 ","$67,096,668,322 "
13-Dec-20,$589.78 ,$590.49 ,$577.12 ,$586.01 ,"$8,125,837,102 ","$66,708,003,325 "
12-Dec-20,$568.61 ,$593.78 ,$564.57 ,$589.66 ,"$9,070,377,862 ","$67,115,726,662 "
11-Dec-20,$545.58 ,$573.34 ,$545.25 ,$568.57 ,"$8,534,557,897 ","$64,706,942,226 "
10-Dec-20,$559.68 ,$560.38 ,$537.81 ,$545.80 ,"$11,098,819,124 ","$62,108,208,317 "
9-Dec-20,$573.50 ,$574.60 ,$549.78 ,$559.68 ,"$11,672,582,040 ","$63,680,254,165 "
8-Dec-20,$554.79 ,$577.29 ,$533.00 ,$573.48 ,"$15,855,915,840 ","$65,242,758,700 "
7-Dec-20,$591.90 ,$594.75 ,$552.47 ,$554.83 ,"$14,398,919,320 ","$63,113,292,237 "
6-Dec-20,$601.80 ,$602.92 ,$585.43 ,$591.84 ,"$10,720,480,962 ","$67,315,962,016 "
5-Dec-20,$596.57 ,$606.79 ,$584.41 ,$601.91 ,"$11,290,893,016 ","$68,452,719,868 "
4-Dec-20,$569.35 ,$596.60 ,$563.11 ,$596.60 ,"$13,498,010,566 ","$67,840,334,209 "
3-Dec-20,$616.72 ,$618.98 ,$569.28 ,$569.35 ,"$16,337,589,997 ","$64,734,997,135 "
2-Dec-20,$598.46 ,$622.45 ,$588.35 ,$616.71 ,"$16,146,190,946 ","$70,110,808,538 "
1-Dec-20,$587.26 ,$604.02 ,$578.74 ,$598.35 ,"$16,883,292,129 ","$68,015,797,685 "
30-Nov-20,$615.07 ,$635.16 ,$571.75 ,$587.32 ,"$27,178,964,465 ","$66,754,367,842 "
29-Nov-20,$575.76 ,$615.24 ,$571.54 ,$614.84 ,"$20,276,867,833 ","$69,873,714,778 "
28-Nov-20,$538.26 ,$576.60 ,$531.99 ,$575.76 ,"$15,017,517,758 ","$65,424,084,296 "
27-Nov-20,$517.60 ,$548.04 ,$508.13 ,$538.23 ,"$14,770,243,833 ","$61,152,393,529 "
26-Nov-20,$519.11 ,$530.78 ,$497.24 ,$517.49 ,"$16,831,105,703 ","$58,789,344,389 "
25-Nov-20,$570.51 ,$575.64 ,$485.50 ,$518.80 ,"$31,104,004,592 ","$58,930,920,929 "
24-Nov-20,$603.90 ,$605.09 ,$559.67 ,$570.69 ,"$20,088,492,893 ","$64,816,875,593 "
23-Nov-20,$608.52 ,$621.17 ,$593.84 ,$603.90 ,"$23,281,758,100 ","$68,580,780,139 "
22-Nov-20,$558.06 ,$609.99 ,$551.27 ,$608.45 ,"$27,272,302,872 ","$69,089,845,802 "
21-Nov-20,$549.49 ,$579.37 ,$514.52 ,$558.07 ,"$21,967,049,601 ","$63,361,036,975 "
20-Nov-20,$509.74 ,$550.23 ,$504.24 ,$549.49 ,"$20,757,099,184 ","$62,379,287,099 "
19-Nov-20,$471.63 ,$513.61 ,$471.63 ,$509.74 ,"$18,629,943,296 ","$57,860,686,204 "
18-Nov-20,$479.48 ,$480.12 ,$465.70 ,$471.63 ,"$12,473,929,218 ","$53,528,035,617 "
17-Nov-20,$480.35 ,$492.00 ,$465.83 ,$479.48 ,"$17,880,199,224 ","$54,412,825,617 "
16-Nov-20,$464.41 ,$482.23 ,$460.78 ,$480.36 ,"$14,593,057,877 ","$54,505,786,216 "
15-Nov-20,$447.56 ,$463.83 ,$445.50 ,$459.94 ,"$11,441,239,444 ","$52,182,517,297 "
14-Nov-20,$460.15 ,$460.99 ,$440.25 ,$447.56 ,"$10,308,617,165 ","$50,771,836,456 "
13-Nov-20,$474.63 ,$475.16 ,$452.99 ,$460.15 ,"$10,312,037,942 ","$52,193,800,907 "
12-Nov-20,$461.01 ,$475.22 ,$457.30 ,$474.63 ,"$13,191,505,725 ","$53,829,432,990 "
11-Nov-20,$462.96 ,$467.68 ,$452.07 ,$461.01 ,"$12,877,327,234 ","$52,278,353,038 "
10-Nov-20,$449.68 ,$473.58 ,$449.52 ,$462.96 ,"$14,075,403,511 ","$52,493,805,532 "
9-Nov-20,$444.17 ,$453.76 ,$439.60 ,$449.68 ,"$12,090,381,666 ","$50,981,825,542 "
8-Nov-20,$453.57 ,$457.35 ,$435.16 ,$444.16 ,"$13,704,320,630 ","$50,350,406,402 "
7-Nov-20,$435.72 ,$457.78 ,$433.15 ,$453.55 ,"$11,292,383,601 ","$51,408,911,250 "
6-Nov-20,$454.72 ,$465.68 ,$428.46 ,$435.71 ,"$18,873,289,788 ","$49,380,744,878 "
5-Nov-20,$414.07 ,$456.20 ,$412.98 ,$454.72 ,"$16,738,305,610 ","$51,528,636,308 "
4-Nov-20,$402.14 ,$417.53 ,$397.25 ,$414.07 ,"$15,440,711,038 ","$46,916,321,971 "
3-Nov-20,$387.60 ,$407.67 ,$377.83 ,$402.14 ,"$15,126,077,675 ","$45,559,668,259 "
2-Nov-20,$383.16 ,$389.52 ,$371.31 ,$387.60 ,"$12,588,494,762 ","$43,907,159,817 "
1-Nov-20,$396.36 ,$403.24 ,$381.02 ,$383.16 ,"$13,997,574,252 ","$43,398,380,101 "
31-Oct-20,$386.59 ,$397.12 ,$385.17 ,$396.36 ,"$10,475,146,018 ","$44,888,307,221 "
30-Oct-20,$382.82 ,$393.01 ,$381.30 ,$386.59 ,"$11,276,963,426 ","$43,776,829,150 "
29-Oct-20,$386.73 ,$391.46 ,$375.09 ,$382.82 ,"$13,688,056,970 ","$43,344,676,043 "
28-Oct-20,$388.65 ,$393.23 ,$381.29 ,$386.73 ,"$12,920,477,749 ","$43,782,246,356 "
27-Oct-20,$404.00 ,$408.96 ,$381.15 ,$388.65 ,"$15,276,441,134 ","$43,994,384,280 "
26-Oct-20,$393.89 ,$409.77 ,$390.61 ,$404.00 ,"$13,940,434,102 ","$45,726,046,137 "
25-Oct-20,$406.22 ,$411.28 ,$383.78 ,$393.89 ,"$15,155,684,229 ","$44,576,504,574 "
24-Oct-20,$412.46 ,$417.16 ,$405.35 ,$406.22 ,"$10,890,207,469 ","$45,966,378,925 "
23-Oct-20,$409.77 ,$416.60 ,$407.85 ,$412.46 ,"$12,201,739,194 ","$46,666,915,712 "
22-Oct-20,$414.05 ,$418.96 ,$403.08 ,$409.77 ,"$14,256,222,052 ","$46,356,841,440 "
21-Oct-20,$391.49 ,$420.14 ,$391.28 ,$413.77 ,"$15,772,846,485 ","$46,795,599,921 "
20-Oct-20,$369.06 ,$400.63 ,$368.73 ,$392.19 ,"$20,241,324,322 ","$44,354,670,582 "
19-Oct-20,$379.72 ,$380.76 ,$367.60 ,$369.14 ,"$13,741,586,582 ","$41,745,418,861 "
18-Oct-20,$378.47 ,$383.32 ,$373.70 ,$379.94 ,"$12,811,242,092 ","$42,961,460,206 "
17-Oct-20,$368.73 ,$378.60 ,$368.13 ,$378.21 ,"$11,047,103,109 ","$42,761,561,164 "
16-Oct-20,$366.02 ,$369.77 ,$364.49 ,$368.86 ,"$10,951,115,359 ","$41,698,592,886 "
15-Oct-20,$377.87 ,$380.02 ,$362.60 ,$366.23 ,"$14,670,784,817 ","$41,396,681,083 "
14-Oct-20,$379.19 ,$381.21 ,$371.35 ,$377.44 ,"$14,964,182,545 ","$42,659,015,495 "
13-Oct-20,$381.97 ,$387.30 ,$374.18 ,$379.48 ,"$13,918,846,567 ","$42,884,585,295 "
12-Oct-20,$387.14 ,$387.38 ,$375.58 ,$381.19 ,"$14,226,744,838 ","$43,072,303,018 "
11-Oct-20,$374.80 ,$395.12 ,$366.64 ,$387.73 ,"$15,867,455,424 ","$43,805,601,681 "
10-Oct-20,$370.93 ,$377.25 ,$369.83 ,$375.14 ,"$12,584,512,533 ","$42,376,475,415 "
9-Oct-20,$365.40 ,$378.27 ,$365.35 ,$370.97 ,"$13,618,484,324 ","$41,899,893,524 "
8-Oct-20,$351.11 ,$368.31 ,$348.21 ,$365.59 ,"$13,043,501,763 ","$41,287,658,660 "
7-Oct-20,$342.04 ,$352.21 ,$335.65 ,$350.77 ,"$13,461,017,711 ","$39,608,808,457 "
6-Oct-20,$340.94 ,$342.45 ,$334.55 ,$341.81 ,"$11,929,918,060 ","$38,592,810,957 "
5-Oct-20,$353.96 ,$354.99 ,$338.00 ,$340.82 ,"$12,830,796,112 ","$38,476,195,645 "
4-Oct-20,$352.74 ,$355.21 ,$349.68 ,$353.96 ,"$11,809,507,622 ","$39,954,971,652 "
3-Oct-20,$346.60 ,$354.05 ,$345.13 ,$352.58 ,"$10,696,959,020 ","$39,794,771,396 "
2-Oct-20,$346.22 ,$351.31 ,$344.67 ,$346.52 ,"$10,060,167,889 ","$39,106,512,854 "
1-Oct-20,$352.95 ,$354.12 ,$336.47 ,$346.24 ,"$14,215,390,463 ","$39,069,960,290 "
30-Sep-20,$360.31 ,$369.26 ,$346.48 ,$353.21 ,"$14,679,481,911 ","$39,851,388,059 "
29-Sep-20,$360.04 ,$361.18 ,$353.33 ,$359.94 ,"$11,818,610,610 ","$40,606,130,498 "
28-Sep-20,$354.36 ,$360.35 ,$352.15 ,$359.76 ,"$11,600,013,236 ","$40,581,050,364 "
27-Sep-20,$357.93 ,$366.43 ,$354.55 ,$355.16 ,"$14,258,455,166 ","$40,057,637,361 "
26-Sep-20,$354.96 ,$361.98 ,$349.83 ,$357.44 ,"$13,598,126,926 ","$40,309,981,004 "
25-Sep-20,$352.35 ,$355.85 ,$348.11 ,$355.49 ,"$13,049,148,579 ","$40,085,290,850 "
24-Sep-20,$349.41 ,$357.77 ,$339.02 ,$352.18 ,"$14,381,086,966 ","$39,707,914,546 "
23-Sep-20,$320.99 ,$351.46 ,$318.55 ,$349.36 ,"$15,714,304,470 ","$39,384,347,822 "
22-Sep-20,$344.59 ,$344.67 ,$318.97 ,$321.12 ,"$12,899,346,599 ","$36,196,531,454 "
21-Sep-20,$341.72 ,$346.60 ,$336.86 ,$344.50 ,"$12,732,578,043 ","$38,830,213,878 "
20-Sep-20,$371.40 ,$375.74 ,$336.07 ,$341.79 ,"$17,398,267,133 ","$38,519,366,615 "
19-Sep-20,$385.60 ,$385.60 ,$367.09 ,$371.05 ,"$12,292,195,784 ","$41,812,641,074 "
18-Sep-20,$384.04 ,$387.08 ,$378.72 ,$385.54 ,"$11,049,507,684 ","$43,440,360,815 "
17-Sep-20,$389.34 ,$391.90 ,$376.96 ,$384.36 ,"$14,108,357,740 ","$43,302,193,327 "
16-Sep-20,$365.87 ,$393.90 ,$364.80 ,$389.02 ,"$19,899,531,080 ","$43,821,351,213 "
15-Sep-20,$364.74 ,$372.77 ,$356.68 ,$365.81 ,"$16,107,612,177 ","$41,202,147,932 "
14-Sep-20,$377.15 ,$381.51 ,$363.61 ,$364.84 ,"$16,140,584,321 ","$41,087,642,853 "
13-Sep-20,$365.70 ,$384.49 ,$357.57 ,$377.27 ,"$17,536,695,361 ","$42,482,307,939 "
12-Sep-20,$387.52 ,$388.96 ,$354.34 ,$365.57 ,"$15,005,899,191 ","$41,160,025,962 "
11-Sep-20,$374.60 ,$387.54 ,$367.84 ,$387.18 ,"$13,295,405,814 ","$43,588,199,422 "
10-Sep-20,$368.12 ,$376.63 ,$355.58 ,$374.70 ,"$27,296,269,329 ","$42,177,302,259 "
9-Sep-20,$351.43 ,$377.39 ,$351.11 ,$368.10 ,"$31,421,134,556 ","$41,430,053,162 "
8-Sep-20,$337.82 ,$359.16 ,$332.16 ,$351.11 ,"$14,547,933,520 ","$39,512,826,170 "
7-Sep-20,$353.20 ,$355.56 ,$328.82 ,$337.60 ,"$17,991,403,432 ","$37,988,119,627 "
6-Sep-20,$353.45 ,$358.21 ,$326.25 ,$352.67 ,"$21,763,614,732 ","$39,679,199,320 "
5-Sep-20,$335.33 ,$359.76 ,$319.04 ,$353.36 ,"$27,643,678,917 ","$39,751,917,523 "
4-Sep-20,$388.04 ,$394.17 ,$316.77 ,$335.26 ,"$29,880,047,640 ","$37,710,860,058 "
3-Sep-20,$384.67 ,$402.41 ,$371.64 ,$388.24 ,"$16,747,106,257 ","$43,665,020,996 "
2-Sep-20,$440.24 ,$449.53 ,$381.13 ,$385.67 ,"$19,622,845,896 ","$43,370,721,326 "
1-Sep-20,$477.01 ,$480.33 ,$424.46 ,$440.04 ,"$19,691,854,014 ","$49,478,789,435 "
31-Aug-20,$434.87 ,$487.21 ,$432.08 ,$477.05 ,"$18,862,763,756 ","$53,633,933,560 "
30-Aug-20,$428.51 ,$438.56 ,$419.77 ,$435.08 ,"$12,774,741,797 ","$48,909,170,052 "
29-Aug-20,$399.62 ,$428.66 ,$399.61 ,$428.40 ,"$11,211,948,040 ","$48,151,884,394 "
28-Aug-20,$395.69 ,$405.62 ,$393.04 ,$399.92 ,"$8,777,703,481 ","$44,945,899,480 "
27-Aug-20,$382.63 ,$397.76 ,$381.27 ,$395.87 ,"$9,120,674,421 ","$44,485,705,032 "
26-Aug-20,$386.61 ,$395.35 ,$374.87 ,$382.63 ,"$10,457,777,652 ","$42,992,439,543 "
25-Aug-20,$383.98 ,$391.87 ,$378.71 ,$386.47 ,"$9,967,343,483 ","$43,417,926,668 "
24-Aug-20,$408.07 ,$408.53 ,$374.36 ,$384.00 ,"$12,428,442,042 ","$43,135,697,974 "
23-Aug-20,$391.68 ,$409.39 ,$389.31 ,$408.14 ,"$10,328,860,398 ","$45,842,265,023 "
22-Aug-20,$395.56 ,$396.49 ,$385.04 ,$391.38 ,"$8,137,303,970 ","$43,954,518,396 "
21-Aug-20,$389.03 ,$396.47 ,$382.81 ,$395.84 ,"$10,131,847,985 ","$44,448,918,222 "
20-Aug-20,$416.15 ,$418.64 ,$387.44 ,$389.13 ,"$11,781,796,374 ","$43,690,315,907 "
19-Aug-20,$406.76 ,$418.73 ,$404.03 ,$416.44 ,"$10,043,032,427 ","$46,751,356,941 "
18-Aug-20,$423.74 ,$427.02 ,$396.68 ,$406.46 ,"$13,137,391,167 ","$45,625,864,918 "
17-Aug-20,$429.67 ,$432.58 ,$419.67 ,$423.67 ,"$11,978,984,079 ","$47,551,407,033 "
16-Aug-20,$433.97 ,$442.73 ,$422.65 ,$429.53 ,"$13,227,089,410 ","$48,203,426,751 "
15-Aug-20,$433.35 ,$436.27 ,$415.09 ,$433.79 ,"$12,168,816,874 ","$48,675,162,267 "
14-Aug-20,$437.56 ,$441.75 ,$429.87 ,$433.35 ,"$12,416,067,894 ","$48,620,820,125 "
13-Aug-20,$428.68 ,$444.58 ,$423.35 ,$437.40 ,"$15,064,589,987 ","$49,068,474,083 "
12-Aug-20,$390.84 ,$432.90 ,$379.71 ,$428.74 ,"$18,480,303,526 ","$48,091,569,052 "
11-Aug-20,$380.06 ,$391.31 ,$367.92 ,$391.02 ,"$12,408,772,745 ","$43,855,501,072 "
10-Aug-20,$395.89 ,$398.48 ,$370.86 ,$380.38 ,"$12,792,218,737 ","$42,656,945,169 "
9-Aug-20,$391.04 ,$399.38 ,$391.04 ,$395.89 ,"$11,685,827,893 ","$44,390,142,137 "
8-Aug-20,$395.31 ,$399.74 ,$385.83 ,$391.12 ,"$9,451,065,592 ","$43,850,292,041 "
7-Aug-20,$379.55 ,$393.99 ,$377.35 ,$393.99 ,"$9,342,060,531 ","$44,166,324,646 "
6-Aug-20,$395.23 ,$398.25 ,$367.94 ,$379.51 ,"$12,751,687,084 ","$42,538,578,850 "
5-Aug-20,$401.58 ,$403.49 ,$392.60 ,$394.96 ,"$11,304,626,458 ","$44,264,836,294 "
4-Aug-20,$389.71 ,$406.30 ,$386.22 ,$401.59 ,"$12,875,466,638 ","$45,002,213,069 "
3-Aug-20,$386.16 ,$400.70 ,$382.99 ,$389.88 ,"$14,086,704,221 ","$43,684,129,572 "
2-Aug-20,$371.13 ,$396.51 ,$369.34 ,$386.30 ,"$12,834,648,062 ","$43,277,729,882 "
1-Aug-20,$385.55 ,$411.23 ,$357.14 ,$370.67 ,"$18,909,744,275 ","$41,522,323,563 "
31-Jul-20,$345.80 ,$388.85 ,$343.59 ,$385.20 ,"$14,045,259,477 ","$43,144,477,508 "
30-Jul-20,$334.63 ,$348.61 ,$329.34 ,$345.55 ,"$12,030,600,492 ","$38,699,278,449 "
29-Jul-20,$318.14 ,$338.63 ,$315.75 ,$334.59 ,"$11,827,689,045 ","$37,466,380,887 "
28-Jul-20,$316.56 ,$324.38 ,$313.11 ,$318.19 ,"$10,878,845,706 ","$35,626,126,751 "
27-Jul-20,$321.83 ,$325.91 ,$307.72 ,$316.66 ,"$12,357,108,065 ","$35,450,097,600 "
26-Jul-20,$309.66 ,$330.70 ,$309.66 ,$321.51 ,"$15,644,257,058 ","$35,989,428,749 "
25-Jul-20,$303.69 ,$316.39 ,$300.27 ,$309.64 ,"$12,003,973,026 ","$34,656,472,193 "
24-Jul-20,$279.03 ,$306.74 ,$279.03 ,$304.06 ,"$10,785,021,813 ","$34,027,002,730 "
23-Jul-20,$274.72 ,$286.19 ,$269.24 ,$279.22 ,"$9,466,060,358 ","$31,243,266,716 "
22-Jul-20,$262.39 ,$277.58 ,$261.05 ,$274.69 ,"$10,281,309,262 ","$30,733,019,165 "
21-Jul-20,$245.04 ,$262.99 ,$242.48 ,$262.19 ,"$7,702,077,383 ","$29,331,058,164 "
20-Jul-20,$236.30 ,$246.19 ,$235.68 ,$245.02 ,"$6,806,696,015 ","$27,406,496,758 "
19-Jul-20,$238.49 ,$239.58 ,$234.85 ,$236.15 ,"$5,600,686,192 ","$26,411,853,756 "
18-Jul-20,$235.46 ,$239.16 ,$233.28 ,$238.49 ,"$6,251,377,305 ","$26,669,691,075 "
17-Jul-20,$232.86 ,$236.54 ,$232.32 ,$235.48 ,"$5,397,402,117 ","$26,330,601,164 "
16-Jul-20,$233.69 ,$234.42 ,$232.11 ,$232.77 ,"$5,859,850,529 ","$26,024,301,468 "
15-Jul-20,$238.45 ,$239.01 ,$231.62 ,$233.64 ,"$5,832,057,567 ","$26,118,155,895 "
14-Jul-20,$240.14 ,$241.40 ,$237.10 ,$238.42 ,"$6,189,328,448 ","$26,649,577,378 "
13-Jul-20,$239.98 ,$242.00 ,$237.80 ,$240.21 ,"$7,357,458,555 ","$26,846,147,251 "
12-Jul-20,$242.18 ,$244.31 ,$238.23 ,$239.60 ,"$7,787,751,468 ","$26,775,071,858 "
11-Jul-20,$239.46 ,$243.31 ,$237.77 ,$242.13 ,"$6,596,394,718 ","$27,054,158,346 "
10-Jul-20,$241.04 ,$241.53 ,$238.33 ,$239.46 ,"$5,643,067,316 ","$26,752,161,985 "
9-Jul-20,$242.87 ,$242.88 ,$236.73 ,$240.98 ,"$7,281,370,522 ","$26,919,422,187 "
8-Jul-20,$246.75 ,$247.29 ,$239.90 ,$243.02 ,"$8,429,099,199 ","$27,143,016,879 "
7-Jul-20,$239.16 ,$248.31 ,$238.40 ,$246.67 ,"$9,892,586,411 ","$27,547,785,703 "
6-Jul-20,$240.97 ,$242.68 ,$234.22 ,$239.08 ,"$6,441,497,597 ","$26,696,376,073 "
5-Jul-20,$227.69 ,$242.13 ,$227.03 ,$241.51 ,"$8,782,917,553 ","$26,964,937,043 "
4-Jul-20,$228.98 ,$229.86 ,$224.54 ,$227.66 ,"$5,292,172,429 ","$25,415,950,649 "
3-Jul-20,$225.29 ,$230.05 ,$225.13 ,$229.07 ,"$5,228,310,135 ","$25,570,190,315 "
2-Jul-20,$229.32 ,$229.63 ,$224.91 ,$225.39 ,"$5,109,032,700 ","$25,155,571,600 "
1-Jul-20,$231.29 ,$232.40 ,$225.46 ,$229.39 ,"$6,212,210,566 ","$25,599,453,477 "
30-Jun-20,$226.13 ,$232.76 ,$224.84 ,$231.11 ,"$6,463,737,443 ","$25,788,404,350 "
29-Jun-20,$227.97 ,$229.48 ,$224.82 ,$226.31 ,"$6,094,093,001 ","$25,249,913,730 "
28-Jun-20,$225.36 ,$229.90 ,$222.25 ,$228.19 ,"$6,726,164,653 ","$25,456,513,994 "
27-Jun-20,$222.91 ,$228.60 ,$219.47 ,$225.35 ,"$6,205,925,718 ","$25,135,786,986 "
26-Jun-20,$229.63 ,$232.49 ,$220.56 ,$222.96 ,"$6,918,380,955 ","$24,866,429,445 "
25-Jun-20,$232.88 ,$233.90 ,$229.26 ,$229.67 ,"$7,187,490,226 ","$25,611,500,297 "
24-Jun-20,$235.70 ,$236.05 ,$230.30 ,$232.94 ,"$7,010,426,122 ","$25,973,707,946 "
23-Jun-20,$244.19 ,$248.51 ,$232.81 ,$235.77 ,"$8,815,030,025 ","$26,285,822,239 "
22-Jun-20,$242.54 ,$244.86 ,$239.76 ,$244.14 ,"$6,624,530,348 ","$27,215,606,543 "
21-Jun-20,$229.00 ,$243.78 ,$228.93 ,$242.53 ,"$9,079,586,552 ","$27,032,930,743 "
20-Jun-20,$229.22 ,$232.36 ,$228.49 ,$228.99 ,"$5,600,408,178 ","$25,520,273,837 "
19-Jun-20,$226.98 ,$231.45 ,$226.64 ,$229.27 ,"$6,252,830,566 ","$25,548,837,121 "
18-Jun-20,$231.95 ,$232.15 ,$226.80 ,$227.14 ,"$6,946,372,590 ","$25,307,718,819 "
17-Jun-20,$232.90 ,$234.57 ,$228.95 ,$232.10 ,"$6,713,800,872 ","$25,857,495,155 "
16-Jun-20,$234.49 ,$235.95 ,$229.34 ,$233.03 ,"$7,701,391,592 ","$25,957,610,764 "
15-Jun-20,$229.76 ,$236.39 ,$228.43 ,$234.42 ,"$7,965,648,016 ","$26,109,047,392 "
14-Jun-20,$234.06 ,$234.24 ,$221.24 ,$229.93 ,"$10,536,099,884 ","$25,606,145,743 "
13-Jun-20,$238.97 ,$239.10 ,$232.96 ,$234.11 ,"$7,439,385,176 ","$26,069,111,857 "
12-Jun-20,$237.54 ,$239.19 ,$235.89 ,$238.91 ,"$7,141,624,980 ","$26,599,679,550 "
11-Jun-20,$231.63 ,$239.35 ,$229.65 ,$237.49 ,"$8,868,955,009 ","$26,438,827,420 "
10-Jun-20,$247.55 ,$249.89 ,$229.94 ,$231.70 ,"$12,356,528,860 ","$25,791,024,831 "
9-Jun-20,$244.82 ,$248.65 ,$242.82 ,$247.44 ,"$8,792,990,206 ","$27,539,945,413 "
8-Jun-20,$246.18 ,$248.34 ,$242.34 ,$244.91 ,"$8,446,545,788 ","$27,254,678,255 "
7-Jun-20,$245.18 ,$246.64 ,$241.54 ,$246.31 ,"$8,076,783,299 ","$27,406,923,226 "
6-Jun-20,$241.91 ,$245.44 ,$236.33 ,$245.17 ,"$9,544,883,157 ","$27,276,459,502 "
5-Jun-20,$241.20 ,$245.98 ,$239.72 ,$241.93 ,"$8,114,873,845 ","$26,913,140,925 "
4-Jun-20,$244.35 ,$247.33 ,$240.68 ,$241.22 ,"$9,293,963,914 ","$26,830,954,614 "
3-Jun-20,$244.11 ,$245.93 ,$236.77 ,$244.43 ,"$10,170,414,304 ","$27,184,018,611 "
2-Jun-20,$237.40 ,$244.18 ,$235.46 ,$244.18 ,"$9,861,760,817 ","$27,153,238,868 "
1-Jun-20,$246.83 ,$252.22 ,$233.23 ,$237.22 ,"$13,782,107,567 ","$26,376,031,890 "
31-May-20,$230.86 ,$248.24 ,$230.49 ,$246.99 ,"$13,951,727,936 ","$27,459,257,209 "
30-May-20,$242.35 ,$244.05 ,$230.05 ,$230.98 ,"$12,234,904,813 ","$25,675,542,329 "
29-May-20,$220.72 ,$243.94 ,$218.74 ,$242.35 ,"$15,027,397,867 ","$26,936,114,604 "
28-May-20,$219.93 ,$224.22 ,$218.24 ,$220.68 ,"$12,265,816,557 ","$24,524,484,269 "
27-May-20,$208.89 ,$220.28 ,$206.24 ,$219.84 ,"$12,212,469,604 ","$24,428,738,047 "
26-May-20,$201.89 ,$208.86 ,$201.79 ,$208.86 ,"$10,631,034,756 ","$23,206,144,127 "
25-May-20,$205.26 ,$205.75 ,$200.26 ,$201.90 ,"$10,159,741,290 ","$22,429,962,991 "
24-May-20,$201.98 ,$206.36 ,$200.67 ,$205.32 ,"$10,415,044,124 ","$22,806,813,423 "
23-May-20,$208.72 ,$210.60 ,$202.37 ,$202.37 ,"$11,833,299,572 ","$22,476,471,750 "
22-May-20,$207.19 ,$210.39 ,$205.29 ,$208.69 ,"$10,665,476,768 ","$23,176,030,659 "
21-May-20,$199.84 ,$208.59 ,$198.04 ,$207.17 ,"$12,041,592,114 ","$23,003,786,385 "
20-May-20,$210.13 ,$211.63 ,$193.35 ,$199.88 ,"$13,308,321,229 ","$22,192,109,650 "
19-May-20,$213.45 ,$214.72 ,$207.98 ,$210.10 ,"$12,730,175,511 ","$23,323,160,696 "
18-May-20,$214.60 ,$214.60 ,$210.14 ,$213.45 ,"$14,346,192,779 ","$23,692,625,224 "
17-May-20,$207.18 ,$215.91 ,$207.11 ,$214.53 ,"$17,411,566,928 ","$23,808,928,396 "
16-May-20,$200.61 ,$209.16 ,$200.10 ,$207.16 ,"$15,470,397,303 ","$22,988,575,488 "
15-May-20,$195.61 ,$202.77 ,$194.50 ,$200.68 ,"$15,379,081,645 ","$22,266,558,227 "
14-May-20,$202.96 ,$203.57 ,$193.76 ,$195.62 ,"$16,602,342,092 ","$21,703,086,885 "
13-May-20,$198.89 ,$204.12 ,$196.87 ,$202.95 ,"$20,150,524,861 ","$22,513,148,759 "
12-May-20,$189.37 ,$200.20 ,$189.13 ,$199.19 ,"$17,054,662,289 ","$22,093,789,228 "
11-May-20,$185.88 ,$191.60 ,$185.70 ,$189.31 ,"$15,899,726,284 ","$20,995,260,629 "
10-May-20,$188.63 ,$191.36 ,$180.72 ,$185.91 ,"$20,054,601,647 ","$20,615,704,449 "
9-May-20,$211.55 ,$211.55 ,$182.71 ,$188.60 ,"$25,211,575,193 ","$20,911,059,578 "
8-May-20,$213.14 ,$214.74 ,$209.07 ,$211.60 ,"$18,950,547,549 ","$23,458,353,558 "
7-May-20,$212.20 ,$216.33 ,$208.83 ,$212.99 ,"$20,445,139,356 ","$23,609,735,113 "
6-May-20,$203.91 ,$214.39 ,$202.07 ,$212.29 ,"$23,594,744,655 ","$23,528,981,906 "
5-May-20,$206.48 ,$211.53 ,$204.04 ,$204.06 ,"$20,343,543,799 ","$22,613,632,877 "
4-May-20,$208.01 ,$211.78 ,$204.03 ,$206.77 ,"$19,004,689,099 ","$22,912,129,590 "
3-May-20,$210.89 ,$211.83 ,$199.05 ,$208.17 ,"$22,602,446,422 ","$23,064,379,025 "
2-May-20,$215.35 ,$219.27 ,$208.69 ,$210.93 ,"$20,469,034,664 ","$23,367,177,867 "
1-May-20,$214.23 ,$215.85 ,$212.88 ,$215.33 ,"$18,260,876,092 ","$23,850,828,459 "
30-Apr-20,$207.90 ,$217.63 ,$207.78 ,$214.22 ,"$20,816,320,834 ","$23,725,367,639 "
29-Apr-20,$216.91 ,$227.53 ,$206.44 ,$207.60 ,"$28,089,191,904 ","$22,989,647,065 "
28-Apr-20,$198.47 ,$218.45 ,$198.12 ,$216.97 ,"$26,397,548,759 ","$24,023,887,081 "
27-Apr-20,$197.27 ,$198.79 ,$194.85 ,$198.42 ,"$18,217,507,467 ","$21,966,890,357 "
26-Apr-20,$197.48 ,$199.55 ,$193.45 ,$197.22 ,"$18,670,194,595 ","$21,832,392,036 "
25-Apr-20,$195.41 ,$199.34 ,$194.77 ,$197.32 ,"$18,335,367,012 ","$21,839,976,557 "
24-Apr-20,$189.21 ,$196.79 ,$188.46 ,$195.52 ,"$18,260,969,748 ","$21,637,838,417 "
23-Apr-20,$185.22 ,$190.21 ,$185.22 ,$189.24 ,"$16,788,555,028 ","$20,940,434,737 "
22-Apr-20,$182.62 ,$189.09 ,$180.34 ,$185.03 ,"$21,275,740,032 ","$20,472,236,139 "
21-Apr-20,$172.67 ,$183.75 ,$171.83 ,$182.60 ,"$17,994,666,395 ","$20,200,984,352 "
20-Apr-20,$172.02 ,$175.18 ,$170.55 ,$172.74 ,"$16,458,767,984 ","$19,107,591,182 "
19-Apr-20,$181.48 ,$186.08 ,$170.32 ,$172.30 ,"$21,266,681,335 ","$19,056,520,718 "
18-Apr-20,$186.86 ,$188.10 ,$180.12 ,$181.61 ,"$19,146,038,381 ","$20,084,614,446 "
17-Apr-20,$171.62 ,$187.94 ,$171.62 ,$186.91 ,"$20,160,323,443 ","$20,668,075,857 "
16-Apr-20,$172.28 ,$174.28 ,$169.75 ,$171.64 ,"$16,714,684,266 ","$18,976,660,194 "
15-Apr-20,$153.20 ,$173.16 ,$150.36 ,$172.16 ,"$22,910,469,236 ","$19,031,693,317 "
14-Apr-20,$157.57 ,$160.71 ,$152.80 ,$153.29 ,"$14,171,753,737 ","$16,943,501,886 "
13-Apr-20,$156.36 ,$160.94 ,$155.87 ,$157.60 ,"$14,723,156,630 ","$17,417,697,024 "
12-Apr-20,$160.72 ,$160.75 ,$151.61 ,$156.28 ,"$16,465,282,133 ","$17,270,031,992 "
11-Apr-20,$158.23 ,$164.52 ,$156.32 ,$161.14 ,"$15,123,721,386 ","$17,805,206,568 "
10-Apr-20,$158.54 ,$161.17 ,$155.30 ,$158.22 ,"$13,555,089,447 ","$17,479,687,023 "
9-Apr-20,$170.83 ,$170.95 ,$154.91 ,$158.41 ,"$17,980,944,616 ","$17,499,250,378 "
8-Apr-20,$172.76 ,$172.90 ,$167.99 ,$170.81 ,"$14,901,696,210 ","$18,866,106,818 "
7-Apr-20,$165.24 ,$173.21 ,$164.49 ,$172.64 ,"$17,063,110,836 ","$19,066,388,908 "
6-Apr-20,$169.15 ,$175.20 ,$164.20 ,$165.10 ,"$21,659,346,091 ","$18,231,455,422 "
5-Apr-20,$143.61 ,$169.27 ,$143.54 ,$169.14 ,"$21,636,382,525 ","$18,674,571,701 "
4-Apr-20,$145.26 ,$146.13 ,$142.10 ,$143.55 ,"$11,280,993,591 ","$15,847,283,514 "
3-Apr-20,$142.22 ,$145.38 ,$140.12 ,$145.22 ,"$11,946,658,257 ","$16,029,973,618 "
2-Apr-20,$142.11 ,$146.90 ,$139.62 ,$142.09 ,"$13,184,603,402 ","$15,682,757,538 "
1-Apr-20,$135.73 ,$146.79 ,$135.73 ,$142.03 ,"$15,322,861,686 ","$15,673,960,169 "
31-Mar-20,$133.61 ,$135.63 ,$129.73 ,$135.63 ,"$12,456,564,435 ","$14,966,424,710 "
30-Mar-20,$132.82 ,$134.27 ,$131.65 ,$133.59 ,"$11,065,246,317 ","$14,739,376,438 "
29-Mar-20,$125.58 ,$133.91 ,$125.29 ,$132.90 ,"$11,841,123,306 ","$14,661,550,831 "
28-Mar-20,$131.02 ,$131.17 ,$125.45 ,$125.58 ,"$9,938,133,669 ","$13,852,241,607 "
27-Mar-20,$134.03 ,$134.03 ,$126.96 ,$130.99 ,"$12,162,403,960 ","$14,446,379,743 "
26-Mar-20,$138.37 ,$139.90 ,$133.94 ,$133.94 ,"$11,396,286,629 ","$14,770,071,750 "
25-Mar-20,$136.19 ,$138.83 ,$134.89 ,$138.36 ,"$11,367,261,176 ","$15,255,985,586 "
24-Mar-20,$138.91 ,$141.40 ,$134.30 ,$136.20 ,"$13,433,092,920 ","$15,015,344,150 "
23-Mar-20,$135.19 ,$141.95 ,$133.17 ,$138.76 ,"$14,609,068,673 ","$15,296,295,171 "
22-Mar-20,$123.37 ,$134.91 ,$121.87 ,$134.91 ,"$14,149,877,968 ","$14,870,079,035 "
21-Mar-20,$132.85 ,$136.15 ,$122.91 ,$123.32 ,"$12,497,707,224 ","$13,590,860,527 "
20-Mar-20,$133.10 ,$135.97 ,$127.16 ,$132.82 ,"$13,684,083,308 ","$14,635,764,102 "
19-Mar-20,$136.65 ,$150.85 ,$122.61 ,$132.74 ,"$18,960,388,062 ","$14,624,949,757 "
18-Mar-20,$114.84 ,$140.53 ,$114.73 ,$136.59 ,"$16,396,753,275 ","$15,048,018,840 "
17-Mar-20,$113.86 ,$116.02 ,$111.74 ,$114.84 ,"$11,617,854,009 ","$12,650,160,818 "
16-Mar-20,$110.41 ,$118.99 ,$110.41 ,$113.94 ,"$12,087,490,572 ","$12,549,513,954 "
15-Mar-20,$125.00 ,$125.00 ,$105.17 ,$110.61 ,"$15,984,904,590 ","$12,180,483,053 "
14-Mar-20,$123.25 ,$132.24 ,$121.85 ,$125.21 ,"$12,719,251,813 ","$13,787,534,423 "
13-Mar-20,$133.58 ,$134.48 ,$122.41 ,$123.31 ,"$12,740,784,545 ","$13,575,727,275 "
12-Mar-20,$112.69 ,$137.43 ,$95.18 ,$133.20 ,"$27,864,623,061 ","$14,663,417,618 "
11-Mar-20,$194.74 ,$195.15 ,$111.21 ,$112.35 ,"$22,134,741,655 ","$12,366,138,225 "
10-Mar-20,$200.77 ,$202.95 ,$184.36 ,$194.87 ,"$16,984,790,291 ","$21,446,678,546 "
9-Mar-20,$202.86 ,$205.71 ,$198.06 ,$200.77 ,"$18,344,930,072 ","$22,093,126,953 "
8-Mar-20,$201.32 ,$207.45 ,$192.27 ,$201.99 ,"$23,645,428,606 ","$22,224,520,906 "
7-Mar-20,$237.78 ,$237.78 ,$200.60 ,$200.69 ,"$21,381,823,651 ","$22,079,071,207 "
6-Mar-20,$243.75 ,$249.98 ,$237.55 ,$237.85 ,"$19,431,652,027 ","$26,164,459,704 "
5-Mar-20,$229.17 ,$243.55 ,$228.74 ,$243.53 ,"$19,374,772,256 ","$26,785,082,139 "
4-Mar-20,$224.64 ,$234.36 ,$224.64 ,$229.27 ,"$18,201,291,785 ","$25,213,804,821 "
3-Mar-20,$224.57 ,$228.04 ,$222.09 ,$224.52 ,"$16,567,075,208 ","$24,688,386,921 "
2-Mar-20,$230.52 ,$232.33 ,$221.73 ,$224.48 ,"$19,853,178,572 ","$24,681,090,483 "
1-Mar-20,$218.71 ,$232.81 ,$217.28 ,$230.57 ,"$20,305,587,789 ","$25,347,534,007 "
29-Feb-20,$219.75 ,$226.68 ,$214.13 ,$218.97 ,"$18,179,807,469 ","$24,069,393,932 "
28-Feb-20,$226.83 ,$232.26 ,$219.85 ,$219.85 ,"$18,181,296,376 ","$24,162,913,195 "
27-Feb-20,$226.99 ,$234.21 ,$216.35 ,$226.76 ,"$22,563,530,559 ","$24,919,509,265 "
26-Feb-20,$225.69 ,$237.23 ,$212.66 ,$226.75 ,"$25,645,522,790 ","$24,915,636,231 "
25-Feb-20,$247.74 ,$249.65 ,$221.27 ,$225.68 ,"$26,235,617,201 ","$24,794,645,345 "
24-Feb-20,$265.28 ,$265.43 ,$246.86 ,$247.82 ,"$21,878,882,134 ","$27,223,398,195 "
23-Feb-20,$273.71 ,$275.54 ,$259.63 ,$265.22 ,"$22,400,845,640 ","$29,131,114,037 "
22-Feb-20,$262.28 ,$273.75 ,$261.96 ,$273.75 ,"$19,585,998,814 ","$30,065,188,433 "
21-Feb-20,$265.55 ,$266.39 ,$258.91 ,$262.33 ,"$16,906,032,862 ","$28,807,130,266 "
20-Feb-20,$257.89 ,$267.00 ,$255.69 ,$265.60 ,"$20,867,593,292 ","$29,162,464,509 "
19-Feb-20,$259.82 ,$263.70 ,$250.95 ,$257.95 ,"$23,229,828,870 ","$28,318,879,771 "
18-Feb-20,$282.04 ,$283.54 ,$259.76 ,$259.76 ,"$22,679,414,413 ","$28,514,562,065 "
17-Feb-20,$266.51 ,$283.20 ,$261.46 ,$281.94 ,"$26,511,477,187 ","$30,945,457,816 "
16-Feb-20,$259.89 ,$266.87 ,$244.34 ,$266.36 ,"$26,024,080,089 ","$29,231,690,264 "
15-Feb-20,$264.90 ,$272.88 ,$242.48 ,$259.89 ,"$25,152,366,643 ","$28,518,254,585 "
14-Feb-20,$284.56 ,$287.12 ,$264.28 ,$264.73 ,"$23,682,452,994 ","$29,045,044,403 "
13-Feb-20,$268.02 ,$285.06 ,$262.76 ,$284.22 ,"$23,558,253,463 ","$31,179,427,623 "
12-Feb-20,$265.05 ,$273.74 ,$258.92 ,$268.10 ,"$25,801,317,504 ","$29,407,537,084 "
11-Feb-20,$235.90 ,$272.40 ,$235.90 ,$265.41 ,"$24,545,049,386 ","$29,108,513,969 "
10-Feb-20,$223.38 ,$236.55 ,$218.62 ,$235.85 ,"$16,964,695,963 ","$25,863,852,653 "
9-Feb-20,$228.55 ,$229.18 ,$218.08 ,$223.52 ,"$16,210,008,511 ","$24,508,831,903 "
8-Feb-20,$222.98 ,$229.86 ,$222.98 ,$228.58 ,"$15,031,356,241 ","$25,060,056,859 "
7-Feb-20,$222.51 ,$226.59 ,$215.39 ,$223.15 ,"$16,741,203,125 ","$24,461,492,839 "
6-Feb-20,$212.32 ,$223.14 ,$212.30 ,$222.73 ,"$16,673,443,564 ","$24,412,375,482 "
5-Feb-20,$204.13 ,$214.60 ,$201.90 ,$212.34 ,"$16,425,589,683 ","$23,270,983,772 "
4-Feb-20,$189.30 ,$206.80 ,$188.75 ,$204.23 ,"$14,865,434,435 ","$22,379,510,312 "
3-Feb-20,$189.86 ,$191.11 ,$185.40 ,$189.25 ,"$11,714,191,695 ","$20,735,478,720 "
2-Feb-20,$188.61 ,$193.44 ,$188.01 ,$189.87 ,"$12,392,875,241 ","$20,800,183,238 "
1-Feb-20,$183.53 ,$193.08 ,$180.17 ,$188.62 ,"$14,054,425,389 ","$20,660,936,267 "
31-Jan-20,$180.11 ,$183.85 ,$179.75 ,$183.67 ,"$11,569,697,182 ","$20,116,913,728 "
30-Jan-20,$184.74 ,$185.41 ,$176.30 ,$180.16 ,"$11,728,616,394 ","$19,729,633,078 "
29-Jan-20,$174.92 ,$186.26 ,$172.37 ,$184.69 ,"$12,604,789,338 ","$20,223,232,964 "
28-Jan-20,$176.35 ,$178.84 ,$175.05 ,$175.05 ,"$10,725,267,311 ","$19,165,292,202 "
27-Jan-20,$170.88 ,$176.37 ,$170.74 ,$176.37 ,"$11,772,875,064 ","$19,307,396,128 "
26-Jan-20,$168.01 ,$172.92 ,$166.90 ,$170.93 ,"$11,004,476,145 ","$18,709,615,891 "
25-Jan-20,$161.18 ,$168.22 ,$160.28 ,$168.08 ,"$9,261,861,590 ","$18,394,952,135 "
24-Jan-20,$163.07 ,$163.23 ,$158.63 ,$161.28 ,"$8,256,956,802 ","$17,649,296,256 "
23-Jan-20,$162.90 ,$164.31 ,$156.75 ,$163.05 ,"$10,657,671,162 ","$17,840,465,424 "
22-Jan-20,$168.30 ,$168.31 ,$160.30 ,$162.93 ,"$10,396,868,698 ","$17,824,835,899 "
21-Jan-20,$169.61 ,$171.01 ,$166.77 ,$168.29 ,"$9,209,827,928 ","$18,409,534,609 "
20-Jan-20,$167.06 ,$169.91 ,$165.82 ,$169.70 ,"$9,789,369,362 ","$18,560,711,557 "
19-Jan-20,$166.90 ,$169.11 ,$162.33 ,$167.12 ,"$11,144,529,787 ","$18,276,600,992 "
18-Jan-20,$175.47 ,$177.25 ,$163.68 ,$166.97 ,"$13,713,374,132 ","$18,257,853,532 "
17-Jan-20,$170.75 ,$178.53 ,$166.79 ,$175.37 ,"$14,929,342,256 ","$19,173,512,823 "
16-Jan-20,$164.49 ,$173.07 ,$162.78 ,$170.78 ,"$14,997,091,826 ","$18,669,811,576 "
15-Jan-20,$166.33 ,$167.06 ,$159.71 ,$164.39 ,"$13,735,193,018 ","$17,969,103,321 "
14-Jan-20,$165.73 ,$170.43 ,$161.11 ,$166.23 ,"$15,173,694,057 ","$18,167,930,411 "
13-Jan-20,$144.25 ,$167.68 ,$144.06 ,$165.96 ,"$16,712,318,373 ","$18,135,588,271 "
12-Jan-20,$146.22 ,$146.79 ,$142.91 ,$144.23 ,"$8,378,529,470 ","$15,759,102,081 "
11-Jan-20,$143.03 ,$146.15 ,$142.71 ,$145.87 ,"$8,528,167,453 ","$15,937,115,426 "
10-Jan-20,$143.41 ,$146.48 ,$142.21 ,$142.93 ,"$9,332,208,590 ","$15,613,213,640 "
9-Jan-20,$138.97 ,$144.17 ,$135.52 ,$143.96 ,"$9,084,816,203 ","$15,724,494,553 "
8-Jan-20,$141.16 ,$141.39 ,$136.24 ,$138.98 ,"$7,697,325,348 ","$15,178,151,517 "
7-Jan-20,$143.49 ,$146.83 ,$138.27 ,$141.26 ,"$9,387,194,957 ","$15,425,115,411 "
6-Jan-20,$144.31 ,$145.00 ,$140.49 ,$143.54 ,"$9,257,954,672 ","$15,672,773,110 "
5-Jan-20,$136.31 ,$144.33 ,$136.08 ,$144.30 ,"$9,093,747,121 ","$15,753,803,340 "
4-Jan-20,$135.07 ,$139.41 ,$135.05 ,$136.28 ,"$7,526,675,353 ","$14,875,569,430 "
3-Jan-20,$134.17 ,$136.05 ,$133.04 ,$135.07 ,"$7,430,904,515 ","$14,741,946,278 "
2-Jan-20,$127.41 ,$134.55 ,$126.49 ,$134.17 ,"$10,476,845,358 ","$14,642,130,120 "
1-Jan-20,$130.82 ,$130.82 ,$126.95 ,$127.41 ,"$8,032,709,256 ","$13,902,505,466 "
31-Dec-19,$129.63 ,$132.84 ,$129.20 ,$130.80 ,"$7,935,230,330 ","$14,271,059,633 "
30-Dec-19,$132.61 ,$133.73 ,$128.80 ,$129.61 ,"$8,936,866,397 ","$14,139,765,786 "
29-Dec-19,$134.80 ,$136.76 ,$131.55 ,$132.63 ,"$9,796,951,716 ","$14,468,140,712 "
28-Dec-19,$128.27 ,$136.81 ,$128.00 ,$134.76 ,"$9,708,776,786 ","$14,698,483,422 "
27-Dec-19,$127.21 ,$130.26 ,$126.90 ,$128.32 ,"$8,069,298,610 ","$13,995,233,088 "
26-Dec-19,$126.37 ,$128.10 ,$124.82 ,$127.21 ,"$8,299,390,176 ","$13,873,046,817 "
25-Dec-19,$126.49 ,$130.90 ,$125.41 ,$126.36 ,"$8,600,871,980 ","$13,778,664,460 "
24-Dec-19,$129.07 ,$129.07 ,$124.89 ,$126.45 ,"$8,418,019,054 ","$13,787,538,200 "
23-Dec-19,$128.63 ,$131.67 ,$127.31 ,$129.06 ,"$7,961,819,689 ","$14,070,696,528 "
22-Dec-19,$132.31 ,$134.73 ,$127.42 ,$128.61 ,"$9,622,497,693 ","$14,020,312,860 "
21-Dec-19,$128.10 ,$133.16 ,$127.93 ,$132.37 ,"$9,121,058,481 ","$14,428,651,183 "
20-Dec-19,$129.10 ,$129.15 ,$127.61 ,$128.13 ,"$7,449,064,703 ","$13,964,992,761 "
19-Dec-19,$129.38 ,$129.76 ,$126.99 ,$129.07 ,"$8,173,594,150 ","$14,065,549,620 "
18-Dec-19,$133.05 ,$134.19 ,$125.97 ,$129.32 ,"$9,564,699,140 ","$14,092,012,421 "
17-Dec-19,$122.66 ,$133.39 ,$119.78 ,$133.09 ,"$11,864,518,321 ","$14,501,554,620 "
16-Dec-19,$133.65 ,$134.01 ,$121.40 ,$122.60 ,"$9,057,166,141 ","$13,357,486,656 "
15-Dec-19,$143.14 ,$143.22 ,$132.46 ,$133.61 ,"$8,992,282,119 ","$14,555,616,655 "
14-Dec-19,$142.86 ,$143.93 ,$139.43 ,$143.11 ,"$7,235,153,411 ","$15,589,117,504 "
13-Dec-19,$144.95 ,$145.53 ,$142.43 ,$142.87 ,"$7,048,066,973 ","$15,560,820,323 "
12-Dec-19,$145.66 ,$145.86 ,$143.75 ,$144.94 ,"$7,264,810,247 ","$15,785,338,920 "
11-Dec-19,$143.62 ,$145.75 ,$141.44 ,$145.60 ,"$7,890,383,413 ","$15,855,473,988 "
10-Dec-19,$146.32 ,$147.14 ,$143.05 ,$143.61 ,"$7,037,180,049 ","$15,636,405,555 "
9-Dec-19,$148.18 ,$148.56 ,$144.91 ,$146.27 ,"$6,859,512,025 ","$15,924,221,614 "
8-Dec-19,$151.22 ,$151.91 ,$147.62 ,$148.23 ,"$6,744,206,747 ","$16,135,631,420 "
7-Dec-19,$148.74 ,$152.39 ,$148.31 ,$151.26 ,"$6,441,727,252 ","$16,464,729,150 "
6-Dec-19,$149.20 ,$149.80 ,$148.37 ,$148.77 ,"$5,911,233,284 ","$16,191,247,024 "
5-Dec-19,$149.40 ,$149.67 ,$147.61 ,$149.19 ,"$6,458,766,441 ","$16,235,876,301 "
4-Dec-19,$146.69 ,$153.16 ,$145.46 ,$149.25 ,"$6,745,910,228 ","$16,240,052,430 "
3-Dec-19,$147.92 ,$150.68 ,$145.00 ,$146.75 ,"$7,865,937,094 ","$15,966,157,442 "
2-Dec-19,$149.06 ,$150.31 ,$146.00 ,$147.96 ,"$6,204,379,850 ","$16,095,928,402 "